"filename", "language", "TypeScript", "XML", "TypeScript JSX", "JavaScript", "SCSS", "JSON", "PostCSS", "comment", "blank", "total"
"/Users/jsonribeiro/Documents/workspace/virtualbrand/clientes/homsiengenharia/src/App.css", "PostCSS", 0, 0, 0, 0, 0, 0, 41, 0, 6, 47
"/Users/jsonribeiro/Documents/workspace/virtualbrand/clientes/homsiengenharia/src/assets/react.svg", "XML", 0, 1, 0, 0, 0, 0, 0, 0, 0, 1
"/Users/jsonribeiro/Documents/workspace/virtualbrand/clientes/homsiengenharia/src/components/Footer.tsx", "TypeScript JSX", 0, 0, 228, 0, 0, 0, 0, 5, 16, 249
"/Users/jsonribeiro/Documents/workspace/virtualbrand/clientes/homsiengenharia/src/components/Header.tsx", "TypeScript JSX", 0, 0, 314, 0, 0, 0, 0, 19, 28, 361
"/Users/jsonribeiro/Documents/workspace/virtualbrand/clientes/homsiengenharia/src/components/admin/AdminHeader.tsx", "TypeScript JSX", 0, 0, 51, 0, 0, 0, 0, 2, 4, 57
"/Users/jsonribeiro/Documents/workspace/virtualbrand/clientes/homsiengenharia/src/components/admin/BlogAdminContent.tsx", "TypeScript JSX", 0, 0, 252, 0, 0, 0, 0, 12, 20, 284
"/Users/jsonribeiro/Documents/workspace/virtualbrand/clientes/homsiengenharia/src/components/admin/BlogMultistepForm.tsx", "TypeScript JSX", 0, 0, 436, 0, 0, 0, 0, 11, 39, 486
"/Users/jsonribeiro/Documents/workspace/virtualbrand/clientes/homsiengenharia/src/components/admin/NewBlogPostForm.tsx", "TypeScript JSX", 0, 0, 195, 0, 0, 0, 0, 13, 23, 231
"/Users/jsonribeiro/Documents/workspace/virtualbrand/clientes/homsiengenharia/src/components/auth/LoginForm.tsx", "TypeScript JSX", 0, 0, 117, 0, 0, 0, 0, 0, 13, 130
"/Users/jsonribeiro/Documents/workspace/virtualbrand/clientes/homsiengenharia/src/components/auth/SignUpForm.tsx", "TypeScript JSX", 0, 0, 119, 0, 0, 0, 0, 0, 15, 134
"/Users/jsonribeiro/Documents/workspace/virtualbrand/clientes/homsiengenharia/src/components/blocks/testimonials-columns-1.tsx", "TypeScript JSX", 0, 0, 57, 0, 0, 0, 0, 0, 3, 60
"/Users/jsonribeiro/Documents/workspace/virtualbrand/clientes/homsiengenharia/src/components/blog/SearchBox.tsx", "TypeScript JSX", 0, 0, 67, 0, 0, 0, 0, 0, 8, 75
"/Users/jsonribeiro/Documents/workspace/virtualbrand/clientes/homsiengenharia/src/components/editor/BlogEditor.tsx", "TypeScript JSX", 0, 0, 155, 0, 0, 0, 0, 4, 29, 188
"/Users/jsonribeiro/Documents/workspace/virtualbrand/clientes/homsiengenharia/src/components/editor/TipTapEditor.tsx", "TypeScript JSX", 0, 0, 263, 0, 0, 0, 0, 9, 25, 297
"/Users/jsonribeiro/Documents/workspace/virtualbrand/clientes/homsiengenharia/src/components/editor/blog-editor.scss", "SCSS", 0, 0, 0, 0, 23, 0, 0, 0, 4, 27
"/Users/jsonribeiro/Documents/workspace/virtualbrand/clientes/homsiengenharia/src/components/pages/home/AboutSection.tsx", "TypeScript JSX", 0, 0, 49, 0, 0, 0, 0, 2, 10, 61
"/Users/jsonribeiro/Documents/workspace/virtualbrand/clientes/homsiengenharia/src/components/pages/home/BlogSection.tsx", "TypeScript JSX", 0, 0, 123, 0, 0, 0, 0, 5, 13, 141
"/Users/jsonribeiro/Documents/workspace/virtualbrand/clientes/homsiengenharia/src/components/pages/home/CtaSection.tsx", "TypeScript JSX", 0, 0, 317, 0, 0, 0, 0, 27, 35, 379
"/Users/jsonribeiro/Documents/workspace/virtualbrand/clientes/homsiengenharia/src/components/pages/home/HeroSection.tsx", "TypeScript JSX", 0, 0, 150, 0, 0, 0, 0, 10, 19, 179
"/Users/jsonribeiro/Documents/workspace/virtualbrand/clientes/homsiengenharia/src/components/pages/home/ProjectsSection.tsx", "TypeScript JSX", 0, 0, 732, 0, 0, 0, 0, 25, 39, 796
"/Users/jsonribeiro/Documents/workspace/virtualbrand/clientes/homsiengenharia/src/components/pages/home/ServicesSection.tsx", "TypeScript JSX", 0, 0, 115, 0, 0, 0, 0, 8, 12, 135
"/Users/jsonribeiro/Documents/workspace/virtualbrand/clientes/homsiengenharia/src/components/pages/home/TestimonialSection.tsx", "TypeScript JSX", 0, 0, 86, 0, 0, 0, 0, 0, 10, 96
"/Users/jsonribeiro/Documents/workspace/virtualbrand/clientes/homsiengenharia/src/components/pages/home/index.ts", "TypeScript", 5, 0, 0, 0, 0, 0, 0, 0, 1, 6
"/Users/jsonribeiro/Documents/workspace/virtualbrand/clientes/homsiengenharia/src/components/pages/links/HeroSection.tsx", "TypeScript JSX", 0, 0, 79, 0, 0, 0, 0, 1, 7, 87
"/Users/jsonribeiro/Documents/workspace/virtualbrand/clientes/homsiengenharia/src/components/pages/links/index.ts", "TypeScript", 3, 0, 0, 0, 0, 0, 0, 0, 1, 4
"/Users/jsonribeiro/Documents/workspace/virtualbrand/clientes/homsiengenharia/src/components/providers/LenisProvider.tsx", "TypeScript JSX", 0, 0, 44, 0, 0, 0, 0, 6, 12, 62
"/Users/jsonribeiro/Documents/workspace/virtualbrand/clientes/homsiengenharia/src/components/tiptap-icons/align-center-icon.tsx", "TypeScript JSX", 0, 0, 35, 0, 0, 0, 0, 0, 4, 39
"/Users/jsonribeiro/Documents/workspace/virtualbrand/clientes/homsiengenharia/src/components/tiptap-icons/align-justify-icon.tsx", "TypeScript JSX", 0, 0, 35, 0, 0, 0, 0, 0, 4, 39
"/Users/jsonribeiro/Documents/workspace/virtualbrand/clientes/homsiengenharia/src/components/tiptap-icons/align-left-icon.tsx", "TypeScript JSX", 0, 0, 35, 0, 0, 0, 0, 0, 4, 39
"/Users/jsonribeiro/Documents/workspace/virtualbrand/clientes/homsiengenharia/src/components/tiptap-icons/align-right-icon.tsx", "TypeScript JSX", 0, 0, 35, 0, 0, 0, 0, 0, 4, 39
"/Users/jsonribeiro/Documents/workspace/virtualbrand/clientes/homsiengenharia/src/components/tiptap-icons/arrow-left-icon.tsx", "TypeScript JSX", 0, 0, 21, 0, 0, 0, 0, 0, 4, 25
"/Users/jsonribeiro/Documents/workspace/virtualbrand/clientes/homsiengenharia/src/components/tiptap-icons/ban-icon.tsx", "TypeScript JSX", 0, 0, 23, 0, 0, 0, 0, 0, 4, 27
"/Users/jsonribeiro/Documents/workspace/virtualbrand/clientes/homsiengenharia/src/components/tiptap-icons/blockquote-icon.tsx", "TypeScript JSX", 0, 0, 41, 0, 0, 0, 0, 0, 4, 45
"/Users/jsonribeiro/Documents/workspace/virtualbrand/clientes/homsiengenharia/src/components/tiptap-icons/bold-icon.tsx", "TypeScript JSX", 0, 0, 23, 0, 0, 0, 0, 0, 4, 27
"/Users/jsonribeiro/Documents/workspace/virtualbrand/clientes/homsiengenharia/src/components/tiptap-icons/chevron-down-icon.tsx", "TypeScript JSX", 0, 0, 23, 0, 0, 0, 0, 0, 4, 27
"/Users/jsonribeiro/Documents/workspace/virtualbrand/clientes/homsiengenharia/src/components/tiptap-icons/close-icon.tsx", "TypeScript JSX", 0, 0, 21, 0, 0, 0, 0, 0, 4, 25
"/Users/jsonribeiro/Documents/workspace/virtualbrand/clientes/homsiengenharia/src/components/tiptap-icons/code-block-icon.tsx", "TypeScript JSX", 0, 0, 35, 0, 0, 0, 0, 0, 4, 39
"/Users/jsonribeiro/Documents/workspace/virtualbrand/clientes/homsiengenharia/src/components/tiptap-icons/code2-icon.tsx", "TypeScript JSX", 0, 0, 29, 0, 0, 0, 0, 0, 4, 33
"/Users/jsonribeiro/Documents/workspace/virtualbrand/clientes/homsiengenharia/src/components/tiptap-icons/corner-down-left-icon.tsx", "TypeScript JSX", 0, 0, 23, 0, 0, 0, 0, 0, 4, 27
"/Users/jsonribeiro/Documents/workspace/virtualbrand/clientes/homsiengenharia/src/components/tiptap-icons/external-link-icon.tsx", "TypeScript JSX", 0, 0, 25, 0, 0, 0, 0, 0, 4, 29
"/Users/jsonribeiro/Documents/workspace/virtualbrand/clientes/homsiengenharia/src/components/tiptap-icons/heading-five-icon.tsx", "TypeScript JSX", 0, 0, 25, 0, 0, 0, 0, 0, 4, 29
"/Users/jsonribeiro/Documents/workspace/virtualbrand/clientes/homsiengenharia/src/components/tiptap-icons/heading-four-icon.tsx", "TypeScript JSX", 0, 0, 25, 0, 0, 0, 0, 0, 4, 29
"/Users/jsonribeiro/Documents/workspace/virtualbrand/clientes/homsiengenharia/src/components/tiptap-icons/heading-icon.tsx", "TypeScript JSX", 0, 0, 21, 0, 0, 0, 0, 0, 4, 25
"/Users/jsonribeiro/Documents/workspace/virtualbrand/clientes/homsiengenharia/src/components/tiptap-icons/heading-one-icon.tsx", "TypeScript JSX", 0, 0, 25, 0, 0, 0, 0, 0, 4, 29
"/Users/jsonribeiro/Documents/workspace/virtualbrand/clientes/homsiengenharia/src/components/tiptap-icons/heading-six-icon.tsx", "TypeScript JSX", 0, 0, 27, 0, 0, 0, 0, 0, 4, 31
"/Users/jsonribeiro/Documents/workspace/virtualbrand/clientes/homsiengenharia/src/components/tiptap-icons/heading-three-icon.tsx", "TypeScript JSX", 0, 0, 33, 0, 0, 0, 0, 0, 4, 37
"/Users/jsonribeiro/Documents/workspace/virtualbrand/clientes/homsiengenharia/src/components/tiptap-icons/heading-two-icon.tsx", "TypeScript JSX", 0, 0, 25, 0, 0, 0, 0, 0, 4, 29
"/Users/jsonribeiro/Documents/workspace/virtualbrand/clientes/homsiengenharia/src/components/tiptap-icons/highlighter-icon.tsx", "TypeScript JSX", 0, 0, 23, 0, 0, 0, 0, 0, 4, 27
"/Users/jsonribeiro/Documents/workspace/virtualbrand/clientes/homsiengenharia/src/components/tiptap-icons/image-plus-icon.tsx", "TypeScript JSX", 0, 0, 23, 0, 0, 0, 0, 0, 4, 27
"/Users/jsonribeiro/Documents/workspace/virtualbrand/clientes/homsiengenharia/src/components/tiptap-icons/italic-icon.tsx", "TypeScript JSX", 0, 0, 21, 0, 0, 0, 0, 0, 4, 25
"/Users/jsonribeiro/Documents/workspace/virtualbrand/clientes/homsiengenharia/src/components/tiptap-icons/link-icon.tsx", "TypeScript JSX", 0, 0, 25, 0, 0, 0, 0, 0, 4, 29
"/Users/jsonribeiro/Documents/workspace/virtualbrand/clientes/homsiengenharia/src/components/tiptap-icons/list-icon.tsx", "TypeScript JSX", 0, 0, 53, 0, 0, 0, 0, 0, 4, 57
"/Users/jsonribeiro/Documents/workspace/virtualbrand/clientes/homsiengenharia/src/components/tiptap-icons/list-ordered-icon.tsx", "TypeScript JSX", 0, 0, 53, 0, 0, 0, 0, 0, 4, 57
"/Users/jsonribeiro/Documents/workspace/virtualbrand/clientes/homsiengenharia/src/components/tiptap-icons/list-todo-icon.tsx", "TypeScript JSX", 0, 0, 47, 0, 0, 0, 0, 0, 4, 51
"/Users/jsonribeiro/Documents/workspace/virtualbrand/clientes/homsiengenharia/src/components/tiptap-icons/moon-star-icon.tsx", "TypeScript JSX", 0, 0, 27, 0, 0, 0, 0, 0, 4, 31
"/Users/jsonribeiro/Documents/workspace/virtualbrand/clientes/homsiengenharia/src/components/tiptap-icons/redo2-icon.tsx", "TypeScript JSX", 0, 0, 23, 0, 0, 0, 0, 0, 4, 27
"/Users/jsonribeiro/Documents/workspace/virtualbrand/clientes/homsiengenharia/src/components/tiptap-icons/strike-icon.tsx", "TypeScript JSX", 0, 0, 25, 0, 0, 0, 0, 0, 4, 29
"/Users/jsonribeiro/Documents/workspace/virtualbrand/clientes/homsiengenharia/src/components/tiptap-icons/subscript-icon.tsx", "TypeScript JSX", 0, 0, 35, 0, 0, 0, 0, 0, 4, 39
"/Users/jsonribeiro/Documents/workspace/virtualbrand/clientes/homsiengenharia/src/components/tiptap-icons/sun-icon.tsx", "TypeScript JSX", 0, 0, 55, 0, 0, 0, 0, 0, 4, 59
"/Users/jsonribeiro/Documents/workspace/virtualbrand/clientes/homsiengenharia/src/components/tiptap-icons/superscript-icon.tsx", "TypeScript JSX", 0, 0, 35, 0, 0, 0, 0, 0, 4, 39
"/Users/jsonribeiro/Documents/workspace/virtualbrand/clientes/homsiengenharia/src/components/tiptap-icons/trash-icon.tsx", "TypeScript JSX", 0, 0, 23, 0, 0, 0, 0, 0, 4, 27
"/Users/jsonribeiro/Documents/workspace/virtualbrand/clientes/homsiengenharia/src/components/tiptap-icons/underline-icon.tsx", "TypeScript JSX", 0, 0, 23, 0, 0, 0, 0, 0, 4, 27
"/Users/jsonribeiro/Documents/workspace/virtualbrand/clientes/homsiengenharia/src/components/tiptap-icons/undo2-icon.tsx", "TypeScript JSX", 0, 0, 23, 0, 0, 0, 0, 0, 4, 27
"/Users/jsonribeiro/Documents/workspace/virtualbrand/clientes/homsiengenharia/src/components/tiptap-node/blockquote-node/blockquote-node.scss", "SCSS", 0, 0, 0, 0, 30, 0, 0, 3, 5, 38
"/Users/jsonribeiro/Documents/workspace/virtualbrand/clientes/homsiengenharia/src/components/tiptap-node/code-block-node/code-block-node.scss", "SCSS", 0, 0, 0, 0, 45, 0, 0, 5, 5, 55
"/Users/jsonribeiro/Documents/workspace/virtualbrand/clientes/homsiengenharia/src/components/tiptap-node/heading-node/heading-node.scss", "SCSS", 0, 0, 0, 0, 34, 0, 0, 0, 6, 40
"/Users/jsonribeiro/Documents/workspace/virtualbrand/clientes/homsiengenharia/src/components/tiptap-node/horizontal-rule-node/horizontal-rule-node-extension.ts", "TypeScript", 12, 0, 0, 0, 0, 0, 0, 0, 3, 15
"/Users/jsonribeiro/Documents/workspace/virtualbrand/clientes/homsiengenharia/src/components/tiptap-node/horizontal-rule-node/horizontal-rule-node.scss", "SCSS", 0, 0, 0, 0, 19, 0, 0, 3, 4, 26
"/Users/jsonribeiro/Documents/workspace/virtualbrand/clientes/homsiengenharia/src/components/tiptap-node/image-node/image-node.scss", "SCSS", 0, 0, 0, 0, 25, 0, 0, 1, 6, 32
"/Users/jsonribeiro/Documents/workspace/virtualbrand/clientes/homsiengenharia/src/components/tiptap-node/image-upload-node/image-upload-node-extension.ts", "TypeScript", 106, 0, 0, 0, 0, 0, 0, 39, 18, 163
"/Users/jsonribeiro/Documents/workspace/virtualbrand/clientes/homsiengenharia/src/components/tiptap-node/image-upload-node/image-upload-node.scss", "SCSS", 0, 0, 0, 0, 212, 0, 0, 1, 37, 250
"/Users/jsonribeiro/Documents/workspace/virtualbrand/clientes/homsiengenharia/src/components/tiptap-node/image-upload-node/image-upload-node.tsx", "TypeScript JSX", 0, 0, 428, 0, 0, 0, 0, 74, 53, 555
"/Users/jsonribeiro/Documents/workspace/virtualbrand/clientes/homsiengenharia/src/components/tiptap-node/image-upload-node/index.tsx", "TypeScript JSX", 0, 0, 1, 0, 0, 0, 0, 0, 1, 2
"/Users/jsonribeiro/Documents/workspace/virtualbrand/clientes/homsiengenharia/src/components/tiptap-node/list-node/list-node.scss", "SCSS", 0, 0, 0, 0, 129, 0, 0, 7, 25, 161
"/Users/jsonribeiro/Documents/workspace/virtualbrand/clientes/homsiengenharia/src/components/tiptap-node/paragraph-node/paragraph-node.scss", "SCSS", 0, 0, 0, 0, 197, 0, 0, 41, 36, 274
"/Users/jsonribeiro/Documents/workspace/virtualbrand/clientes/homsiengenharia/src/components/tiptap-templates/simple/data/content.json", "JSON", 0, 0, 0, 0, 0, 477, 0, 0, 1, 478
"/Users/jsonribeiro/Documents/workspace/virtualbrand/clientes/homsiengenharia/src/components/tiptap-templates/simple/simple-editor.scss", "SCSS", 0, 0, 0, 0, 68, 0, 0, 0, 15, 83
"/Users/jsonribeiro/Documents/workspace/virtualbrand/clientes/homsiengenharia/src/components/tiptap-templates/simple/simple-editor.tsx", "TypeScript JSX", 0, 0, 236, 0, 0, 0, 0, 9, 36, 281
"/Users/jsonribeiro/Documents/workspace/virtualbrand/clientes/homsiengenharia/src/components/tiptap-templates/simple/theme-toggle.tsx", "TypeScript JSX", 0, 0, 36, 0, 0, 0, 0, 1, 8, 45
"/Users/jsonribeiro/Documents/workspace/virtualbrand/clientes/homsiengenharia/src/components/tiptap-ui-primitive/badge/badge-colors.scss", "SCSS", 0, 0, 0, 0, 340, 0, 0, 35, 21, 396
"/Users/jsonribeiro/Documents/workspace/virtualbrand/clientes/homsiengenharia/src/components/tiptap-ui-primitive/badge/badge-group.scss", "SCSS", 0, 0, 0, 0, 14, 0, 0, 0, 3, 17
"/Users/jsonribeiro/Documents/workspace/virtualbrand/clientes/homsiengenharia/src/components/tiptap-ui-primitive/badge/badge.scss", "SCSS", 0, 0, 0, 0, 77, 0, 0, 9, 14, 100
"/Users/jsonribeiro/Documents/workspace/virtualbrand/clientes/homsiengenharia/src/components/tiptap-ui-primitive/badge/badge.tsx", "TypeScript JSX", 0, 0, 40, 0, 0, 0, 0, 0, 5, 45
"/Users/jsonribeiro/Documents/workspace/virtualbrand/clientes/homsiengenharia/src/components/tiptap-ui-primitive/badge/index.tsx", "TypeScript JSX", 0, 0, 1, 0, 0, 0, 0, 0, 1, 2
"/Users/jsonribeiro/Documents/workspace/virtualbrand/clientes/homsiengenharia/src/components/tiptap-ui-primitive/button/button-colors.scss", "SCSS", 0, 0, 0, 0, 302, 0, 0, 81, 47, 430
"/Users/jsonribeiro/Documents/workspace/virtualbrand/clientes/homsiengenharia/src/components/tiptap-ui-primitive/button/button-group.scss", "SCSS", 0, 0, 0, 0, 19, 0, 0, 0, 4, 23
"/Users/jsonribeiro/Documents/workspace/virtualbrand/clientes/homsiengenharia/src/components/tiptap-ui-primitive/button/button.scss", "SCSS", 0, 0, 0, 0, 238, 0, 0, 20, 57, 315
"/Users/jsonribeiro/Documents/workspace/virtualbrand/clientes/homsiengenharia/src/components/tiptap-ui-primitive/button/button.tsx", "TypeScript JSX", 0, 0, 100, 0, 0, 0, 0, 2, 13, 115
"/Users/jsonribeiro/Documents/workspace/virtualbrand/clientes/homsiengenharia/src/components/tiptap-ui-primitive/button/index.tsx", "TypeScript JSX", 0, 0, 1, 0, 0, 0, 0, 0, 1, 2
"/Users/jsonribeiro/Documents/workspace/virtualbrand/clientes/homsiengenharia/src/components/tiptap-ui-primitive/card/card.scss", "SCSS", 0, 0, 0, 0, 67, 0, 0, 0, 11, 78
"/Users/jsonribeiro/Documents/workspace/virtualbrand/clientes/homsiengenharia/src/components/tiptap-ui-primitive/card/card.tsx", "TypeScript JSX", 0, 0, 71, 0, 0, 0, 0, 0, 9, 80
"/Users/jsonribeiro/Documents/workspace/virtualbrand/clientes/homsiengenharia/src/components/tiptap-ui-primitive/card/index.tsx", "TypeScript JSX", 0, 0, 1, 0, 0, 0, 0, 0, 1, 2
"/Users/jsonribeiro/Documents/workspace/virtualbrand/clientes/homsiengenharia/src/components/tiptap-ui-primitive/dropdown-menu/dropdown-menu.scss", "SCSS", 0, 0, 0, 0, 49, 0, 0, 5, 10, 64
"/Users/jsonribeiro/Documents/workspace/virtualbrand/clientes/homsiengenharia/src/components/tiptap-ui-primitive/dropdown-menu/dropdown-menu.tsx", "TypeScript JSX", 0, 0, 83, 0, 0, 0, 0, 0, 14, 97
"/Users/jsonribeiro/Documents/workspace/virtualbrand/clientes/homsiengenharia/src/components/tiptap-ui-primitive/dropdown-menu/index.tsx", "TypeScript JSX", 0, 0, 1, 0, 0, 0, 0, 0, 1, 2
"/Users/jsonribeiro/Documents/workspace/virtualbrand/clientes/homsiengenharia/src/components/tiptap-ui-primitive/input/index.tsx", "TypeScript JSX", 0, 0, 1, 0, 0, 0, 0, 0, 1, 2
"/Users/jsonribeiro/Documents/workspace/virtualbrand/clientes/homsiengenharia/src/components/tiptap-ui-primitive/input/input.scss", "SCSS", 0, 0, 0, 0, 38, 0, 0, 0, 8, 46
"/Users/jsonribeiro/Documents/workspace/virtualbrand/clientes/homsiengenharia/src/components/tiptap-ui-primitive/input/input.tsx", "TypeScript JSX", 0, 0, 19, 0, 0, 0, 0, 0, 4, 23
"/Users/jsonribeiro/Documents/workspace/virtualbrand/clientes/homsiengenharia/src/components/tiptap-ui-primitive/popover/index.tsx", "TypeScript JSX", 0, 0, 1, 0, 0, 0, 0, 0, 1, 2
"/Users/jsonribeiro/Documents/workspace/virtualbrand/clientes/homsiengenharia/src/components/tiptap-ui-primitive/popover/popover.scss", "SCSS", 0, 0, 0, 0, 49, 0, 0, 5, 10, 64
"/Users/jsonribeiro/Documents/workspace/virtualbrand/clientes/homsiengenharia/src/components/tiptap-ui-primitive/popover/popover.tsx", "TypeScript JSX", 0, 0, 31, 0, 0, 0, 0, 0, 5, 36
"/Users/jsonribeiro/Documents/workspace/virtualbrand/clientes/homsiengenharia/src/components/tiptap-ui-primitive/separator/index.tsx", "TypeScript JSX", 0, 0, 1, 0, 0, 0, 0, 0, 1, 2
"/Users/jsonribeiro/Documents/workspace/virtualbrand/clientes/homsiengenharia/src/components/tiptap-ui-primitive/separator/separator.scss", "SCSS", 0, 0, 0, 0, 19, 0, 0, 0, 5, 24
"/Users/jsonribeiro/Documents/workspace/virtualbrand/clientes/homsiengenharia/src/components/tiptap-ui-primitive/separator/separator.tsx", "TypeScript JSX", 0, 0, 26, 0, 0, 0, 0, 0, 6, 32
"/Users/jsonribeiro/Documents/workspace/virtualbrand/clientes/homsiengenharia/src/components/tiptap-ui-primitive/spacer/index.tsx", "TypeScript JSX", 0, 0, 1, 0, 0, 0, 0, 0, 1, 2
"/Users/jsonribeiro/Documents/workspace/virtualbrand/clientes/homsiengenharia/src/components/tiptap-ui-primitive/spacer/spacer.tsx", "TypeScript JSX", 0, 0, 22, 0, 0, 0, 0, 0, 5, 27
"/Users/jsonribeiro/Documents/workspace/virtualbrand/clientes/homsiengenharia/src/components/tiptap-ui-primitive/toolbar/index.tsx", "TypeScript JSX", 0, 0, 1, 0, 0, 0, 0, 0, 1, 2
"/Users/jsonribeiro/Documents/workspace/virtualbrand/clientes/homsiengenharia/src/components/tiptap-ui-primitive/toolbar/toolbar.scss", "SCSS", 0, 0, 0, 0, 85, 0, 0, 0, 14, 99
"/Users/jsonribeiro/Documents/workspace/virtualbrand/clientes/homsiengenharia/src/components/tiptap-ui-primitive/toolbar/toolbar.tsx", "TypeScript JSX", 0, 0, 102, 0, 0, 0, 0, 0, 20, 122
"/Users/jsonribeiro/Documents/workspace/virtualbrand/clientes/homsiengenharia/src/components/tiptap-ui-primitive/tooltip/index.tsx", "TypeScript JSX", 0, 0, 1, 0, 0, 0, 0, 0, 1, 2
"/Users/jsonribeiro/Documents/workspace/virtualbrand/clientes/homsiengenharia/src/components/tiptap-ui-primitive/tooltip/tooltip.scss", "SCSS", 0, 0, 0, 0, 40, 0, 0, 0, 4, 44
"/Users/jsonribeiro/Documents/workspace/virtualbrand/clientes/homsiengenharia/src/components/tiptap-ui-primitive/tooltip/tooltip.tsx", "TypeScript JSX", 0, 0, 208, 0, 0, 0, 0, 0, 30, 238
"/Users/jsonribeiro/Documents/workspace/virtualbrand/clientes/homsiengenharia/src/components/tiptap-ui/blockquote-button/blockquote-button.tsx", "TypeScript JSX", 0, 0, 96, 0, 0, 0, 0, 16, 12, 124
"/Users/jsonribeiro/Documents/workspace/virtualbrand/clientes/homsiengenharia/src/components/tiptap-ui/blockquote-button/index.tsx", "TypeScript JSX", 0, 0, 2, 0, 0, 0, 0, 0, 1, 3
"/Users/jsonribeiro/Documents/workspace/virtualbrand/clientes/homsiengenharia/src/components/tiptap-ui/blockquote-button/use-blockquote.ts", "TypeScript", 141, 0, 0, 0, 0, 0, 0, 66, 40, 247
"/Users/jsonribeiro/Documents/workspace/virtualbrand/clientes/homsiengenharia/src/components/tiptap-ui/code-block-button/code-block-button.tsx", "TypeScript JSX", 0, 0, 96, 0, 0, 0, 0, 16, 12, 124
"/Users/jsonribeiro/Documents/workspace/virtualbrand/clientes/homsiengenharia/src/components/tiptap-ui/code-block-button/index.tsx", "TypeScript JSX", 0, 0, 2, 0, 0, 0, 0, 0, 1, 3
"/Users/jsonribeiro/Documents/workspace/virtualbrand/clientes/homsiengenharia/src/components/tiptap-ui/code-block-button/use-code-block.ts", "TypeScript", 144, 0, 0, 0, 0, 0, 0, 73, 40, 257
"/Users/jsonribeiro/Documents/workspace/virtualbrand/clientes/homsiengenharia/src/components/tiptap-ui/color-highlight-button/color-highlight-button.scss", "SCSS", 0, 0, 0, 0, 44, 0, 0, 1, 5, 50
"/Users/jsonribeiro/Documents/workspace/virtualbrand/clientes/homsiengenharia/src/components/tiptap-ui/color-highlight-button/color-highlight-button.tsx", "TypeScript JSX", 0, 0, 116, 0, 0, 0, 0, 40, 14, 170
"/Users/jsonribeiro/Documents/workspace/virtualbrand/clientes/homsiengenharia/src/components/tiptap-ui/color-highlight-button/index.tsx", "TypeScript JSX", 0, 0, 2, 0, 0, 0, 0, 0, 1, 3
"/Users/jsonribeiro/Documents/workspace/virtualbrand/clientes/homsiengenharia/src/components/tiptap-ui/color-highlight-button/use-color-highlight.ts", "TypeScript", 261, 0, 0, 0, 0, 0, 0, 40, 39, 340
"/Users/jsonribeiro/Documents/workspace/virtualbrand/clientes/homsiengenharia/src/components/tiptap-ui/color-highlight-popover/color-highlight-popover.tsx", "TypeScript JSX", 0, 0, 178, 0, 0, 0, 0, 15, 17, 210
"/Users/jsonribeiro/Documents/workspace/virtualbrand/clientes/homsiengenharia/src/components/tiptap-ui/color-highlight-popover/index.tsx", "TypeScript JSX", 0, 0, 1, 0, 0, 0, 0, 0, 1, 2
"/Users/jsonribeiro/Documents/workspace/virtualbrand/clientes/homsiengenharia/src/components/tiptap-ui/heading-button/heading-button.tsx", "TypeScript JSX", 0, 0, 100, 0, 0, 0, 0, 15, 11, 126
"/Users/jsonribeiro/Documents/workspace/virtualbrand/clientes/homsiengenharia/src/components/tiptap-ui/heading-button/index.tsx", "TypeScript JSX", 0, 0, 2, 0, 0, 0, 0, 0, 1, 3
"/Users/jsonribeiro/Documents/workspace/virtualbrand/clientes/homsiengenharia/src/components/tiptap-ui/heading-button/use-heading.ts", "TypeScript", 193, 0, 0, 0, 0, 0, 0, 82, 47, 322
"/Users/jsonribeiro/Documents/workspace/virtualbrand/clientes/homsiengenharia/src/components/tiptap-ui/heading-dropdown-menu/heading-dropdown-menu.tsx", "TypeScript JSX", 0, 0, 99, 0, 0, 0, 0, 16, 13, 128
"/Users/jsonribeiro/Documents/workspace/virtualbrand/clientes/homsiengenharia/src/components/tiptap-ui/heading-dropdown-menu/index.tsx", "TypeScript JSX", 0, 0, 2, 0, 0, 0, 0, 0, 1, 3
"/Users/jsonribeiro/Documents/workspace/virtualbrand/clientes/homsiengenharia/src/components/tiptap-ui/heading-dropdown-menu/use-heading-dropdown-menu.ts", "TypeScript", 58, 0, 0, 0, 0, 0, 0, 59, 16, 133
"/Users/jsonribeiro/Documents/workspace/virtualbrand/clientes/homsiengenharia/src/components/tiptap-ui/image-upload-button/image-upload-button.tsx", "TypeScript JSX", 0, 0, 99, 0, 0, 0, 0, 19, 14, 132
"/Users/jsonribeiro/Documents/workspace/virtualbrand/clientes/homsiengenharia/src/components/tiptap-ui/image-upload-button/index.tsx", "TypeScript JSX", 0, 0, 2, 0, 0, 0, 0, 0, 1, 3
"/Users/jsonribeiro/Documents/workspace/virtualbrand/clientes/homsiengenharia/src/components/tiptap-ui/image-upload-button/use-image-upload.ts", "TypeScript", 102, 0, 0, 0, 0, 0, 0, 64, 27, 193
"/Users/jsonribeiro/Documents/workspace/virtualbrand/clientes/homsiengenharia/src/components/tiptap-ui/link-popover/index.tsx", "TypeScript JSX", 0, 0, 2, 0, 0, 0, 0, 0, 1, 3
"/Users/jsonribeiro/Documents/workspace/virtualbrand/clientes/homsiengenharia/src/components/tiptap-ui/link-popover/link-popover.tsx", "TypeScript JSX", 0, 0, 235, 0, 0, 0, 0, 43, 30, 308
"/Users/jsonribeiro/Documents/workspace/virtualbrand/clientes/homsiengenharia/src/components/tiptap-ui/link-popover/use-link-popover.ts", "TypeScript", 158, 0, 0, 0, 0, 0, 0, 80, 47, 285
"/Users/jsonribeiro/Documents/workspace/virtualbrand/clientes/homsiengenharia/src/components/tiptap-ui/list-button/index.tsx", "TypeScript JSX", 0, 0, 2, 0, 0, 0, 0, 0, 1, 3
"/Users/jsonribeiro/Documents/workspace/virtualbrand/clientes/homsiengenharia/src/components/tiptap-ui/list-button/list-button.tsx", "TypeScript JSX", 0, 0, 94, 0, 0, 0, 0, 16, 12, 122
"/Users/jsonribeiro/Documents/workspace/virtualbrand/clientes/homsiengenharia/src/components/tiptap-ui/list-button/use-list.ts", "TypeScript", 206, 0, 0, 0, 0, 0, 0, 75, 46, 327
"/Users/jsonribeiro/Documents/workspace/virtualbrand/clientes/homsiengenharia/src/components/tiptap-ui/list-dropdown-menu/index.tsx", "TypeScript JSX", 0, 0, 1, 0, 0, 0, 0, 0, 1, 2
"/Users/jsonribeiro/Documents/workspace/virtualbrand/clientes/homsiengenharia/src/components/tiptap-ui/list-dropdown-menu/list-dropdown-menu.tsx", "TypeScript JSX", 0, 0, 89, 0, 0, 0, 0, 21, 14, 124
"/Users/jsonribeiro/Documents/workspace/virtualbrand/clientes/homsiengenharia/src/components/tiptap-ui/list-dropdown-menu/use-list-dropdown-menu.ts", "TypeScript", 129, 0, 0, 0, 0, 0, 0, 60, 28, 217
"/Users/jsonribeiro/Documents/workspace/virtualbrand/clientes/homsiengenharia/src/components/tiptap-ui/mark-button/index.tsx", "TypeScript JSX", 0, 0, 2, 0, 0, 0, 0, 0, 1, 3
"/Users/jsonribeiro/Documents/workspace/virtualbrand/clientes/homsiengenharia/src/components/tiptap-ui/mark-button/mark-button.tsx", "TypeScript JSX", 0, 0, 95, 0, 0, 0, 0, 16, 13, 124
"/Users/jsonribeiro/Documents/workspace/virtualbrand/clientes/homsiengenharia/src/components/tiptap-ui/mark-button/use-mark.ts", "TypeScript", 114, 0, 0, 0, 0, 0, 0, 71, 28, 213
"/Users/jsonribeiro/Documents/workspace/virtualbrand/clientes/homsiengenharia/src/components/tiptap-ui/text-align-button/index.tsx", "TypeScript JSX", 0, 0, 2, 0, 0, 0, 0, 0, 1, 3
"/Users/jsonribeiro/Documents/workspace/virtualbrand/clientes/homsiengenharia/src/components/tiptap-ui/text-align-button/text-align-button.tsx", "TypeScript JSX", 0, 0, 112, 0, 0, 0, 0, 19, 15, 146
"/Users/jsonribeiro/Documents/workspace/virtualbrand/clientes/homsiengenharia/src/components/tiptap-ui/text-align-button/use-text-align.ts", "TypeScript", 125, 0, 0, 0, 0, 0, 0, 68, 30, 223
"/Users/jsonribeiro/Documents/workspace/virtualbrand/clientes/homsiengenharia/src/components/tiptap-ui/undo-redo-button/index.tsx", "TypeScript JSX", 0, 0, 2, 0, 0, 0, 0, 0, 1, 3
"/Users/jsonribeiro/Documents/workspace/virtualbrand/clientes/homsiengenharia/src/components/tiptap-ui/undo-redo-button/undo-redo-button.tsx", "TypeScript JSX", 0, 0, 98, 0, 0, 0, 0, 16, 13, 127
"/Users/jsonribeiro/Documents/workspace/virtualbrand/clientes/homsiengenharia/src/components/tiptap-ui/undo-redo-button/use-undo-redo.ts", "TypeScript", 92, 0, 0, 0, 0, 0, 0, 64, 27, 183
"/Users/jsonribeiro/Documents/workspace/virtualbrand/clientes/homsiengenharia/src/components/ui/accordion.tsx", "TypeScript JSX", 0, 0, 50, 0, 0, 0, 0, 0, 8, 58
"/Users/jsonribeiro/Documents/workspace/virtualbrand/clientes/homsiengenharia/src/components/ui/animated-cards-stack.tsx", "TypeScript JSX", 0, 0, 217, 0, 0, 0, 0, 0, 18, 235
"/Users/jsonribeiro/Documents/workspace/virtualbrand/clientes/homsiengenharia/src/components/ui/avatar.tsx", "TypeScript JSX", 0, 0, 44, 0, 0, 0, 0, 0, 7, 51
"/Users/jsonribeiro/Documents/workspace/virtualbrand/clientes/homsiengenharia/src/components/ui/background-shader-demo.tsx", "TypeScript JSX", 0, 0, 28, 0, 0, 0, 0, 0, 2, 30
"/Users/jsonribeiro/Documents/workspace/virtualbrand/clientes/homsiengenharia/src/components/ui/background-shader.tsx", "TypeScript JSX", 0, 0, 46, 0, 0, 0, 0, 0, 4, 50
"/Users/jsonribeiro/Documents/workspace/virtualbrand/clientes/homsiengenharia/src/components/ui/badge.tsx", "TypeScript JSX", 0, 0, 31, 0, 0, 0, 0, 0, 6, 37
"/Users/jsonribeiro/Documents/workspace/virtualbrand/clientes/homsiengenharia/src/components/ui/button.tsx", "TypeScript JSX", 0, 0, 51, 0, 0, 0, 0, 0, 6, 57
"/Users/jsonribeiro/Documents/workspace/virtualbrand/clientes/homsiengenharia/src/components/ui/card.tsx", "TypeScript JSX", 0, 0, 71, 0, 0, 0, 0, 0, 9, 80
"/Users/jsonribeiro/Documents/workspace/virtualbrand/clientes/homsiengenharia/src/components/ui/carousel.tsx", "TypeScript JSX", 0, 0, 318, 0, 0, 0, 0, 0, 34, 352
"/Users/jsonribeiro/Documents/workspace/virtualbrand/clientes/homsiengenharia/src/components/ui/checkbox.tsx", "TypeScript JSX", 0, 0, 82, 0, 0, 0, 0, 0, 7, 89
"/Users/jsonribeiro/Documents/workspace/virtualbrand/clientes/homsiengenharia/src/components/ui/embla-carousel.tsx", "TypeScript JSX", 0, 0, 232, 0, 0, 0, 0, 0, 31, 263
"/Users/jsonribeiro/Documents/workspace/virtualbrand/clientes/homsiengenharia/src/components/ui/faqs-component.tsx", "TypeScript JSX", 0, 0, 67, 0, 0, 0, 0, 0, 4, 71
"/Users/jsonribeiro/Documents/workspace/virtualbrand/clientes/homsiengenharia/src/components/ui/feature-section-with-hover-effects.tsx", "TypeScript JSX", 0, 0, 107, 0, 0, 0, 0, 0, 2, 109
"/Users/jsonribeiro/Documents/workspace/virtualbrand/clientes/homsiengenharia/src/components/ui/feature-with-advantages.tsx", "TypeScript JSX", 0, 0, 82, 0, 0, 0, 0, 0, 3, 85
"/Users/jsonribeiro/Documents/workspace/virtualbrand/clientes/homsiengenharia/src/components/ui/footer-map.tsx", "TypeScript JSX", 0, 0, 93, 0, 0, 0, 0, 6, 8, 107
"/Users/jsonribeiro/Documents/workspace/virtualbrand/clientes/homsiengenharia/src/components/ui/gradient-background.tsx", "TypeScript JSX", 0, 0, 59, 0, 0, 0, 0, 6, 8, 73
"/Users/jsonribeiro/Documents/workspace/virtualbrand/clientes/homsiengenharia/src/components/ui/image-comparison-slider-horizontal.tsx", "TypeScript JSX", 0, 0, 130, 0, 0, 0, 0, 18, 16, 164
"/Users/jsonribeiro/Documents/workspace/virtualbrand/clientes/homsiengenharia/src/components/ui/input.tsx", "TypeScript JSX", 0, 0, 21, 0, 0, 0, 0, 0, 4, 25
"/Users/jsonribeiro/Documents/workspace/virtualbrand/clientes/homsiengenharia/src/components/ui/interactive-hover-button.tsx", "TypeScript JSX", 0, 0, 36, 0, 0, 0, 0, 0, 4, 40
"/Users/jsonribeiro/Documents/workspace/virtualbrand/clientes/homsiengenharia/src/components/ui/label.tsx", "TypeScript JSX", 0, 0, 21, 0, 0, 0, 0, 0, 5, 26
"/Users/jsonribeiro/Documents/workspace/virtualbrand/clientes/homsiengenharia/src/components/ui/price-box.tsx", "TypeScript JSX", 0, 0, 24, 0, 0, 0, 0, 0, 5, 29
"/Users/jsonribeiro/Documents/workspace/virtualbrand/clientes/homsiengenharia/src/components/ui/progress.tsx", "TypeScript JSX", 0, 0, 216, 0, 0, 0, 0, 2, 9, 227
"/Users/jsonribeiro/Documents/workspace/virtualbrand/clientes/homsiengenharia/src/components/ui/radio-group.tsx", "TypeScript JSX", 0, 0, 39, 0, 0, 0, 0, 0, 6, 45
"/Users/jsonribeiro/Documents/workspace/virtualbrand/clientes/homsiengenharia/src/components/ui/select.tsx", "TypeScript JSX", 0, 0, 146, 0, 0, 0, 0, 0, 15, 161
"/Users/jsonribeiro/Documents/workspace/virtualbrand/clientes/homsiengenharia/src/components/ui/shareholder-reports.tsx", "TypeScript JSX", 0, 0, 142, 0, 0, 0, 0, 12, 15, 169
"/Users/jsonribeiro/Documents/workspace/virtualbrand/clientes/homsiengenharia/src/components/ui/stacking-cards.tsx", "TypeScript JSX", 0, 0, 141, 0, 0, 0, 0, 0, 14, 155
"/Users/jsonribeiro/Documents/workspace/virtualbrand/clientes/homsiengenharia/src/components/ui/stepper.tsx", "TypeScript JSX", 0, 0, 359, 0, 0, 0, 0, 7, 47, 413
"/Users/jsonribeiro/Documents/workspace/virtualbrand/clientes/homsiengenharia/src/components/ui/switch.tsx", "TypeScript JSX", 0, 0, 25, 0, 0, 0, 0, 0, 4, 29
"/Users/jsonribeiro/Documents/workspace/virtualbrand/clientes/homsiengenharia/src/components/ui/tabs.tsx", "TypeScript JSX", 0, 0, 48, 0, 0, 0, 0, 0, 8, 56
"/Users/jsonribeiro/Documents/workspace/virtualbrand/clientes/homsiengenharia/src/components/ui/testimonials-columns-1.tsx", "TypeScript JSX", 0, 0, 51, 0, 0, 0, 0, 0, 3, 54
"/Users/jsonribeiro/Documents/workspace/virtualbrand/clientes/homsiengenharia/src/components/ui/textarea.tsx", "TypeScript JSX", 0, 0, 20, 0, 0, 0, 0, 0, 4, 24
"/Users/jsonribeiro/Documents/workspace/virtualbrand/clientes/homsiengenharia/src/components/ui/timeline.tsx", "TypeScript JSX", 0, 0, 132, 0, 0, 0, 0, 2, 16, 150
"/Users/jsonribeiro/Documents/workspace/virtualbrand/clientes/homsiengenharia/src/components/ui/tooltip.tsx", "TypeScript JSX", 0, 0, 23, 0, 0, 0, 0, 0, 7, 30
"/Users/jsonribeiro/Documents/workspace/virtualbrand/clientes/homsiengenharia/src/hooks/use-composed-ref.ts", "TypeScript", 36, 0, 0, 0, 0, 0, 0, 2, 10, 48
"/Users/jsonribeiro/Documents/workspace/virtualbrand/clientes/homsiengenharia/src/hooks/use-cursor-visibility.ts", "TypeScript", 43, 0, 0, 0, 0, 0, 0, 16, 11, 70
"/Users/jsonribeiro/Documents/workspace/virtualbrand/clientes/homsiengenharia/src/hooks/use-element-rect.ts", "TypeScript", 111, 0, 0, 0, 0, 0, 0, 28, 28, 167
"/Users/jsonribeiro/Documents/workspace/virtualbrand/clientes/homsiengenharia/src/hooks/use-is-breakpoint.ts", "TypeScript", 20, 0, 0, 0, 0, 0, 0, 8, 8, 36
"/Users/jsonribeiro/Documents/workspace/virtualbrand/clientes/homsiengenharia/src/hooks/use-menu-navigation.ts", "TypeScript", 136, 0, 0, 0, 0, 0, 0, 35, 24, 195
"/Users/jsonribeiro/Documents/workspace/virtualbrand/clientes/homsiengenharia/src/hooks/use-scrolling.ts", "TypeScript", 59, 0, 0, 0, 0, 0, 0, 2, 15, 76
"/Users/jsonribeiro/Documents/workspace/virtualbrand/clientes/homsiengenharia/src/hooks/use-throttled-callback.ts", "TypeScript", 31, 0, 0, 0, 0, 0, 0, 10, 8, 49
"/Users/jsonribeiro/Documents/workspace/virtualbrand/clientes/homsiengenharia/src/hooks/use-tiptap-editor.ts", "TypeScript", 32, 0, 0, 0, 0, 0, 0, 11, 5, 48
"/Users/jsonribeiro/Documents/workspace/virtualbrand/clientes/homsiengenharia/src/hooks/use-unmount.ts", "TypeScript", 12, 0, 0, 0, 0, 0, 0, 6, 4, 22
"/Users/jsonribeiro/Documents/workspace/virtualbrand/clientes/homsiengenharia/src/hooks/use-window-size.ts", "TypeScript", 53, 0, 0, 0, 0, 0, 0, 27, 14, 94
"/Users/jsonribeiro/Documents/workspace/virtualbrand/clientes/homsiengenharia/src/hooks/useScrollAnimation.ts", "TypeScript", 47, 0, 0, 0, 0, 0, 0, 2, 6, 55
"/Users/jsonribeiro/Documents/workspace/virtualbrand/clientes/homsiengenharia/src/hooks/useVantaEffect.ts", "TypeScript", 100, 0, 0, 0, 0, 0, 0, 4, 17, 121
"/Users/jsonribeiro/Documents/workspace/virtualbrand/clientes/homsiengenharia/src/index.css", "PostCSS", 0, 0, 0, 0, 0, 0, 357, 53, 67, 477
"/Users/jsonribeiro/Documents/workspace/virtualbrand/clientes/homsiengenharia/src/lib/sitemap.js", "JavaScript", 0, 0, 0, 5, 0, 0, 0, 1, 2, 8
"/Users/jsonribeiro/Documents/workspace/virtualbrand/clientes/homsiengenharia/src/lib/supabase/client.ts", "TypeScript", 7, 0, 0, 0, 0, 0, 0, 0, 2, 9
"/Users/jsonribeiro/Documents/workspace/virtualbrand/clientes/homsiengenharia/src/lib/supabase/middleware.ts", "TypeScript", 40, 0, 0, 0, 0, 0, 0, 16, 8, 64
"/Users/jsonribeiro/Documents/workspace/virtualbrand/clientes/homsiengenharia/src/lib/supabase/server.ts", "TypeScript", 24, 0, 0, 0, 0, 0, 0, 3, 3, 30
"/Users/jsonribeiro/Documents/workspace/virtualbrand/clientes/homsiengenharia/src/lib/tiptap-utils.ts", "TypeScript", 358, 0, 0, 0, 0, 0, 0, 123, 74, 555
"/Users/jsonribeiro/Documents/workspace/virtualbrand/clientes/homsiengenharia/src/lib/utils.ts", "TypeScript", 5, 0, 0, 0, 0, 0, 0, 0, 2, 7
"/Users/jsonribeiro/Documents/workspace/virtualbrand/clientes/homsiengenharia/src/pages/simple.tsx", "TypeScript JSX", 0, 0, 4, 0, 0, 0, 0, 0, 2, 6
"/Users/jsonribeiro/Documents/workspace/virtualbrand/clientes/homsiengenharia/src/styles/_keyframe-animations.scss", "SCSS", 0, 0, 0, 0, 82, 0, 0, 0, 10, 92
"/Users/jsonribeiro/Documents/workspace/virtualbrand/clientes/homsiengenharia/src/styles/_variables.scss", "SCSS", 0, 0, 0, 0, 229, 0, 0, 35, 33, 297
"/Users/jsonribeiro/Documents/workspace/virtualbrand/clientes/homsiengenharia/src/types/css.d.ts", "TypeScript", 8, 0, 0, 0, 0, 0, 0, 0, 2, 10
"/Users/jsonribeiro/Documents/workspace/virtualbrand/clientes/homsiengenharia/src/types/lenis.d.ts", "TypeScript", 7, 0, 0, 0, 0, 0, 0, 0, 3, 10
"/Users/jsonribeiro/Documents/workspace/virtualbrand/clientes/homsiengenharia/src/vite-env.d.ts", "TypeScript", 0, 0, 0, 0, 0, 0, 0, 1, 1, 2
"Total", "-", 2978, 1, 11148, 5, 2474, 477, 398, 2007, 2449, 21937